{"casino":{"name":"casino","label":"Casino Wheel","coords":{"x":977.9572143554688,"y":50.2731819152832,"z":73.68617248535156,"w":325.9964904785156}}}