{"tests":{"label":"testa 1","name":"tests","coords":{"x":900.4911499023438,"w":60.99988174438476,"z":78.30631256103516,"y":23.6503963470459}}}